{
  "r2": 0.9311967064045349,
  "mae": 22909.21009283212,
  "mse": 826880013.6154644,
  "rows_train": 400,
  "rows_test": 100
}