model,accuracy,precision,recall,f1,roc_auc
logistic_regression,0.9824561403508771,0.9861111111111112,0.9861111111111112,0.9861111111111112,0.9953703703703703
random_forest,0.9473684210526315,0.9583333333333334,0.9583333333333334,0.9583333333333334,0.9937169312169313
svm_rbf,0.9473684210526315,0.9714285714285714,0.9444444444444444,0.9577464788732394,0.9897486772486772
decision_tree,0.9385964912280702,0.9577464788732394,0.9444444444444444,0.951048951048951,0.9341931216931217
