k,silhouette,inertia
2,0.5817500491982808,222.36170496502294
3,0.45994823920518646,139.82049635974968
4,0.3844714602625276,114.0923282435746
5,0.34551099599809465,90.80759161913355
6,0.32203661257077404,80.02218752722621
