k,inertia,silhouette,ari_vs_true
4,469.06080888247135,0.709583627431015,1.0
3,1421.1123362561175,0.6350390605479128,0.7137741704464072
5,428.11254843127364,0.5902226404650979,0.9130651665298996
2,2978.6348118307947,0.5455511783623227,0.49937369519832986
6,388.19848189626873,0.48366852845351976,0.8183897827398627
7,356.04336405721733,0.37260770005501087,0.7143781892139472
