query_token,key_token,score,weight
the,the,0.31984999999999997,0.36627497419432226
the,river,0.18310000000000004,0.31946072727425845
the,bank,0.16670000000000001,0.31426429853141935
river,the,0.1353,0.28815756007303694
river,river,0.34850000000000003,0.3566330614542868
river,bank,0.34450000000000003,0.35520937847267636
bank,the,0.20840000000000003,0.2921180389377077
bank,river,0.3145,0.3248157061597216
bank,bank,0.47945,0.3830662549025708
