ctx_0,ctx_1,ctx_2,ctx_3,token
0.4496914816659701,0.4415945102352384,0.35802958520118405,0.3345615773244529,the
0.39449220984314354,0.47152656610164506,0.4005580871795113,0.35339631409743116,river
0.4014813460577719,0.4553419901776075,0.41007570617318206,0.3662104772551826,bank
