model,train_accuracy,val_accuracy,test_accuracy,train_val_gap
ShallowMLP,0.9973890339425587,0.9756944444444444,0.9611111111111111,0.021694589498114314
DeepMLP,1.0,0.9756944444444444,0.9666666666666667,0.02430555555555558
