model,train_accuracy,val_accuracy,test_accuracy,train_val_gap
ShallowMLP,0.9947780678851175,0.9722222222222222,0.9555555555555556,0.022555845662895257
DeepMLP,0.9973890339425587,0.96875,0.9694444444444444,0.028639033942558734
