model,train_accuracy,val_accuracy,test_accuracy,train_val_gap
ShallowMLP,0.9869451697127938,0.9652777777777778,0.9611111111111111,0.02166739193501599
DeepMLP,0.9895561357702349,0.9583333333333334,0.9555555555555556,0.031222802436901564
