model,train_accuracy,val_accuracy,test_accuracy,train_val_gap
ShallowMLP,0.9704090513489991,0.9652777777777778,0.9333333333333333,0.00513127357122134
DeepMLP,0.9921671018276762,0.96875,0.9583333333333334,0.0234171018276762
