{
  "before": {
    "parse_rate": 0.6666666666666666,
    "schema_rate": 0.6666666666666666
  },
  "after": {
    "parse_rate": 1.0,
    "schema_rate": 1.0
  },
  "delta_schema_rate": 0.33333333333333337
}