parse_rate,schema_rate
0.6666666666666666,0.6666666666666666
