epoch,train_mse,val_mse,grad_l2_last_batch
1,0.33251383105913795,0.31004436492919923,1.7902263204188213
5,0.026382850259542467,0.02752143698434035,0.20733743082857936
10,0.022217280765374502,0.023893502180775007,0.11020115746137625
